"Behavioral Health Scenario 12 (draft) – Inpatient Psychiatric Suicide Screening, Assessment, Safety Planning, Treatment, and Discharge
Scenario 12.1 – Patient Narrative
Daniel, a 41-year-old, is admitted to an inpatient psychiatric unit after an emergency department evaluation following an intentional medication overdose. Patients reach the unit three ways: from an emergency department (the hospital's own or another), by transfer from another unit, or from the community through the hospital's admissions department, where a level-of-care assessment decides whether the patient needs inpatient care, partial hospitalization, or outpatient care.

On admission the hospital requests the outside record, including the ED record, and a master's-prepared clinician administers a suicide risk screener to every patient. A positive screen leads to a full suicide risk assessment (e.g., the C-SSRS, or an AMSR-based formulation); a negative screen does not. Daniel screens positive and is assessed as high risk, so nursing reassesses his suicide risk every shift for the length of his stay, physicians ask about risk as well, and the unit's universal precautions apply: belongings searched, his own medications secured, a ligature-resistant environment, and 15-minute checks.

Safety planning starts on admission, beginning with lethal means: what Daniel could reach at home, given his plan. Over the stay he identifies his triggers and protective factors, which become part of the intake or psychosocial assessment. Every day he attends active treatment - a morning check-in group where he sets a goal for the day, mindfulness, activity therapy, and DBT skills groups - and he completes symptom measures at admission and again at discharge.

At discharge every patient receives a suicide risk assessment. The physician, nurse and social worker assemble a multi-page set of discharge instructions, one page of which is Daniel's crisis safety plan; they review the plan with him against what he told them during the stay, revise it, and Daniel, each discipline and - with his agreement - his partner sign it. Before he goes home, someone other than Daniel confirms that firearms and stockpiled medications are secured, and his discharge prescriptions are limited in quantity. Because Daniel has an outpatient psychiatrist, the team confirms his follow-up appointment and hands him back; a patient without one is given an appointment with a new program. A next-day phone call would be best practice, but it is not built into the workflow.

The same steps apply to a patient admitted primarily for another reason - for example, psychosis - who also screens positive. What changes is the intensity: how often suicide risk is reassessed during the stay.",,,,,,,
Event Step,Actor,Actor Role,Event,Data Requirements – Input(s),Data Requirements – Output(s),Action(s) Taken,HL7 EHR System Functional Model
"Scenario 12.2 – Entry and Level of Care
Patients enter inpatient psychiatric care from an emergency department (the hospital's own or another), by transfer from another unit, or from the community. A community patient - a walk-in, or one a community provider calls about - is sent to the hospital's admissions department for a level-of-care assessment rather than admitted directly. On admission the hospital requests the outside medical record, including the ED record.",,,,,,,
12.2-1A,Admissions Clinician,Level-of-Care Assessor,"Assess the level of care needed for a patient presenting from the community (walk-in, or referred by a community provider)",Presenting concern; referral source and any referral information; current symptoms and risk; prior treatment history; available bed and program capacity,"Level-of-care determination (inpatient, partial hospitalization, outpatient, or other); rationale; referral or admission decision",A clinician in the admissions department assesses the patient and determines what level of care is necessary; patients who do not need inpatient care are referred to the level that fits,DC.1.7.1 Capture Standardized Assessments; DC.2.3.1 Standard Assessments and Outcomes
12.2-1B,Admissions Clinician,Admitting Coordinator,Accept the admission and record how the patient arrived,"Arrival route: from the hospital's own ED, from another ED, transfer from another unit, or from the community via admissions; referring organization and clinician; for some facilities, arrival as a law-enforcement drop-off or as overflow from another health system",Inpatient encounter with admission source recorded as discrete data; referring organization and clinician linked,"The admitting team opens the inpatient encounter and records the admission source as a coded value rather than in narrative, so admissions can be counted by route",DC.1.1.3 Manage Encounter Information
12.2-1C,Admissions Staff,Records Requester,"Request and receive the outside medical record, including the ED record when the patient comes from an ED",Referring organization; patient identity; consent or legal basis for the request,Outside records received and attached to the inpatient chart; record of what was requested and what arrived,"Admissions requests all available medical records, and specifically the ED record, before or at admission",DC.1.5 Manage Patient History; IN.4 Manage Health Information Sharing
12.2-1D (proposed),EHR System,Receiver,"Receive the referring ED's suicide risk status, precautions, and draft safety plan as structured data","ED transition-of-care packet (Scenario 11, step 11.7-1B): current risk level and its source assessment, active precautions and observation level, safety plan draft, lethal-means discussion so far",Inpatient chart pre-populated with the ED's risk level and its date; precautions carried over until the admission assessment replaces them; ED safety plan available as a starting point,"The EHR ingests the ED's structured risk data rather than only a scanned record, so the admission assessment starts from the ED's findings and the inpatient safety plan builds on the ED's draft",IN.4 Manage Health Information Sharing; DC.1.5 Manage Patient History
"Scenario 12.3 – Admission Screening and Assessment
Every admitted patient is screened for suicide risk by a master's-prepared clinician, whatever the reason for admission. A positive screen leads to a full suicide risk assessment; a negative screen does not, and no lifetime assessment is done for a patient who did not screen positive. The resulting risk level sets how intensively risk is reassessed during the stay.",,,,,,,
12.3-1A,Admitting Clinician (master's-prepared),Screener,Administer a suicide risk screener to every admitted patient,"Validated suicide risk screener (e.g., the C-SSRS screen); patient identity; encounter context",QuestionnaireResponse with discrete item responses; screener type and version; completion time; clinician identity,"The admitting clinician screens every patient as part of the intake assessment, regardless of the reason for admission",DC.1.7.1 Capture Standardized Assessments
12.3-1B,EHR System,Router,"Route by screen outcome: a positive screen to a full assessment, a negative screen to routine care",Screening outcome; facility rules for what counts as positive,"On a positive screen, a full-assessment task for the admitting clinician; on a negative screen, the result recorded with no full or lifetime assessment generated",The EHR classifies the screen and creates the full-assessment task only when the screen is positive; a negative screen is recorded and the patient remains under the unit's universal precautions,IN.5.1 Support Decision Logic; DC.2.3.1 Standard Assessments and Outcomes
12.3-1C,Admitting Clinician (master's-prepared),Assessor,Complete a full suicide risk assessment after a positive screen,"Positive screen; full assessment instrument or framework (e.g., the full C-SSRS, or an AMSR-based risk formulation); ED findings when available (12.2-1D); collateral information",Completed assessment with discrete responses; risk formulation; suicide risk level,"The clinician completes the full assessment and documents a risk level, which becomes part of the intake assessment package",DC.1.7.1 Capture Standardized Assessments; DC.2.3.1 Standard Assessments and Outcomes
12.3-1D,EHR System,Status Manager,Record the suicide risk level and set the reassessment intensity for the stay,"Risk level from 12.3-1C, or a negative screen from 12.3-1B; facility rules mapping risk level to reassessment frequency",Current risk level visible to the whole unit; reassessment frequency for this patient (every shift for high risk); longitudinal risk indicator updated,"The EHR records the risk level and derives how often nursing must reassess: every shift for a high-risk patient, and a lower frequency set by facility policy for everyone else","DC.1.3.1 Manage Alerts; DC.2.4.3 Support for Standard Care Plans, Guidelines, Protocols"
"Scenario 12.4 – During the Stay: Precautions and Reassessment
Inpatient units take a universal-precautions stance: environments are ligature resistant, belongings are searched, patients' own medications are secured, and patients are checked every 15 minutes. On top of that, nursing reassesses suicide risk every shift for high-risk patients, and physicians ask about risk too. Stays are typically three to nine days, so repeated questioning is not a burden; a patient's denial is documented as an answer.",,,,,,,
12.4-1A,Nursing Staff / Mental Health Technician,Safety Monitor,"Apply the unit's universal precautions: belongings search, the patient's own medications secured, admission lab testing, and 15-minute checks",Belongings brought on admission; medications the patient brought; who accompanied the patient; unit observation policy,Belongings search documented; patient's own medications locked up or sent home with the person who came with them; admission labs ordered; 15-minute check log,"Staff search belongings, secure or return the patient's own medications, run admission lab testing, and record 15-minute checks for the length of the stay",DC.1.6.1 Order Entry; DC.1.1.3 Manage Encounter Information
12.4-1B,EHR System,Task Scheduler,Generate a suicide risk reassessment task for each nursing shift while the patient is high risk,Current risk level and reassessment frequency (12.3-1D); shift schedule; assigned nurse,Reassessment task per shift assigned to the patient's nurse; overdue reassessments visible to the charge nurse,The EHR creates a reassessment task each shift for a high-risk patient and flags any shift where it was not completed,"DC.2.4.3 Support for Standard Care Plans, Guidelines, Protocols; IN.5.1 Support Decision Logic"
12.4-1C,Registered Nurse,Reassessor,"Reassess suicide risk each shift, and document the answer even when the patient denies ideation","Reassessment task; prior shift's assessment; a shift-by-shift reassessment tool (e.g., a C-SSRS adapted for per-shift use); risk state and status considerations","Per-shift reassessment with discrete responses; updated risk level; a denial recorded as a negative answer, not left blank","The nurse asks about suicidal ideation and behavior since the last shift, records the responses, and updates the risk level; if the patient denies, the denial is what is documented",DC.1.7.1 Capture Standardized Assessments; DC.2.3.1 Standard Assessments and Outcomes
12.4-1D,Attending Physician,Assessor,Ask about suicide risk during physician rounds,Current risk level; nursing reassessments since the last physician visit; treatment response,Physician-documented risk evaluation; changes to precautions or the treatment plan when indicated,The physician independently asks about suicide risk and documents the evaluation alongside the nursing reassessments,DC.2.3.1 Standard Assessments and Outcomes
"Scenario 12.5 – Safety Planning from Admission
Safety planning starts on admission, not at discharge, and it starts with lethal means. Because the unit itself is secured, lethal-means work is about the patient's environment after discharge: whatever the patient's plan involves, the team works to make sure it is not accessible at home. Over the stay the patient identifies triggers and protective factors, which become part of the intake or psychosocial assessment.",,,,,,,
12.5-1A,Social Worker / Admitting Clinician,Safety Planner,"Begin the safety plan on admission, starting with lethal means","Risk assessment (12.3-1C), including the patient's plan and method; ED safety plan draft when one exists (12.2-1D)",Safety plan opened on admission; means relevant to the patient's plan identified,"The team starts the safety plan at admission, with lethal-means restriction as its first element",DC.2.4 Manage Care Plans
12.5-1B,Social Worker,Means-Safety Planner,Identify the lethal means the patient could reach at home and agree how they will be secured before discharge,Patient's plan and method; firearms and medications at home; who lives with the patient; family or support person available to act,Means identified per the patient's plan; agreed storage or removal plan; named person responsible for each action,"The social worker works through the means the patient's plan involves - weapons, medications - and agrees with the patient and family how each will be secured before the patient goes home",DC.2.4 Manage Care Plans; DC.3.2 Support Patient Education and Self-Care
12.5-1C,"Patient, with Clinician",Collaborator,"Identify triggers, warning signs and protective factors over the course of the stay",Therapy and group work during the stay; family input; the safety plan as it stands,Triggers and protective factors recorded in the safety plan and in the intake or psychosocial assessment,"As the patient engages in treatment, they identify triggers, warning signs, supports and protective factors, and the team adds them to the safety plan",DC.2.4 Manage Care Plans; DC.1.5 Manage Patient History
"Scenario 12.6 – Active Treatment and Measurement
Every day, morning through night, patients attend active treatment: goal-setting and check-in groups, activity and music therapy, psychotherapy including CBT, DBT skills, and suicide-specific interventions. Symptom measures are taken at admission and at discharge. Today, which interventions a patient actually received is rarely available as structured data, so a facility cannot report how often an intervention is delivered or relate it to outcomes such as readmission - the gap the SME named as the one report they most want.",,,,,,,
12.6-1A,"Treatment Team (therapists, activity therapists, nursing)",Intervention Provider,"Deliver daily active treatment: check-in and goal-setting groups, mindfulness, activity and music therapy, CBT, DBT skills, and suicide-specific interventions",Unit schedule of groups and therapies; the patient's treatment plan; attendance,Attendance and participation for each group or session; the patient's daily goal,The team delivers the unit's program of active treatment each day and records the patient's attendance and participation,DC.2.4 Manage Care Plans
12.6-1B,EHR System,Structured Data Capture,"Record each intervention from a standardized pick list, with an 'other' option, rather than as narrative",Facility's list of groups and therapies; an 'other' entry with free text,Each delivered intervention as a coded value with date and patient; 'other' entries collected for later standardization,Staff pick the intervention from a coded list; 'other' entries show which local groups are candidates to standardize across facilities,DC.2.4.1 Support for Standard Care Plans; DC.2.3.1 Standard Assessments and Outcomes
12.6-1C,"Patient, with Clinician",Respondent,Complete symptom measures at admission and again at discharge,"Standardized symptom measures (e.g., PHQ-9, BASIS-32); patient self-assessment at discharge",Scored measures at both time points; change between admission and discharge,"The patient completes the measures on admission and before discharge, and the change is available to the team and for reporting",DC.1.7.1 Capture Standardized Assessments; DC.2.3.1 Standard Assessments and Outcomes
12.6-1D,Behavioral Health Quality Leadership,Program Integrity Reviewer,"Report which interventions patients received after screening and assessment, compared across facilities and against outcomes",Screening and assessment results (12.3); delivered interventions (12.6-1B); symptom change (12.6-1C); readmissions,Per-facility report of intervention delivery by risk level; relationship between interventions and outcomes such as readmission,"Leadership reviews which interventions each facility delivers as a result of screening and assessment, for program integrity and to learn which interventions are associated with better outcomes",DC.2.3.1 Standard Assessments and Outcomes
"Scenario 12.7 – Discharge
Every patient receives a suicide risk assessment at discharge, whatever they were admitted for. The physician, nurse and social worker together produce the patient's discharge instructions, one page of which is the crisis safety plan. The team reviews the plan with the patient against what the patient said during the stay, revises it, and every discipline, the patient and - where possible - family sign it, on paper or electronically. Before a patient goes home, someone other than the patient confirms that the means identified in 12.5-1B are secured, and discharge prescriptions are limited in quantity.",,,,,,,
12.7-1A,Registered Nurse / Physician,Assessor,Complete a suicide risk assessment at discharge for every patient,Current risk level and the stay's reassessments; discharge plan,Discharge suicide risk assessment with a risk level,"Every patient is assessed for suicide risk before discharge, including patients admitted for reasons other than suicide risk",DC.1.7.1 Capture Standardized Assessments; DC.2.3.1 Standard Assessments and Outcomes
12.7-1B,"Physician, Registered Nurse, and Social Worker",Discharge Team,"Assemble the discharge instructions, including the crisis safety plan as one page",Safety plan (12.5); follow-up appointment (12.8-1A); medication list; education materials,Multi-page discharge instructions with the crisis safety plan as a section,"The three disciplines jointly produce the patient's discharge instructions, with the crisis safety plan included as its own page",DC.2.7.2 Patient Discharge Summary; DC.1.9 Manage Patient Education
12.7-1C,"Patient, Clinicians, and Family or Significant Other",Co-Signers,"Review and revise the safety plan with the patient, then sign it - every discipline, the patient, and family where possible","Safety plan as revised during the stay; what the patient has identified since admission (e.g., additional supportive people); family availability and the patient's agreement to involve them","Final safety plan; signatures from the physician, nurse, social worker, patient, and family where involved; signed on paper and scanned, or signed electronically","The team walks through the plan with the patient ('these are the things you told us - do we need to change anything?'), revises it, and collects each party's signature",DC.2.4 Manage Care Plans; IN.2.2 Auditable Records; IN.1.1 Entity Authentication
12.7-1D,Social Worker,Means-Safety Verifier,Obtain confirmation from someone other than the patient that the agreed means are secured before discharge home,Means-safety plan (12.5-1B); the family member or support person responsible for each action,"Per-item confirmation that firearms, medications, or other means are secured, with who confirmed it and when; items still open recorded before discharge","Before the patient goes home, a family member or other support person - not the patient - confirms that each agreed action has been taken, and the confirmation is documented",DC.2.4 Manage Care Plans; IN.2.2 Auditable Records
12.7-1E,"Prescriber, with EHR System",Prescriber / Decision Support,"Limit the quantity of discharge prescriptions, and warn when an order exceeds the facility's limit",Discharge medication orders; the facility's maximum days' supply (15 to 30 days); current suicide risk level,"Discharge prescriptions within the limit; a warning shown when an order exceeds it, and the prescriber's response recorded",Discharge prescriptions are written for no more than the facility's limit; an order over the limit raises a decision-support warning at signing,DC.1.6.1 Order Entry; IN.5 Clinical Decision Support
"Scenario 12.8 – Transition and Follow-Up
As part of discharge planning, the team confirms a follow-up appointment. A patient who came from a provider goes back to that provider, with a handoff; a patient going to a new program is given an appointment with it, and education on how to get there. Post-discharge phone calls and caring contacts are considered important but are not built into the workflow, largely for lack of funded staff.",,,,,,,
12.8-1A,Social Worker / Discharge Planner,Transition Coordinator,"Confirm the follow-up appointment: hand off to the patient's existing provider, or schedule with a new program","Existing outpatient provider, if any; recommended level of care after discharge; program availability",Confirmed appointment with date and provider; handoff to the receiving provider documented,"If the patient has a provider, the team confirms the appointment and hands off; if not, the team makes an appointment with a new program",DC.2.5 Order Entry — Referrals; IN.4 Manage Health Information Sharing
12.8-1B,Registered Nurse / Social Worker,Educator,Make sure the patient understands how to get to the follow-up appointment,Appointment details; transportation and access barriers; discharge instructions (12.7-1B),Education documented; barriers to attending recorded,"As part of the discharge instructions, staff confirm the patient knows when and how to get to the appointment",DC.1.9 Manage Patient Education; DC.3.2 Support Patient Education and Self-Care
12.8-1C,Care Team,Outreach,"Contact the patient after discharge (a next-day call, then caring contacts)",Discharge date; patient contact preferences and consent; staff assigned to outreach,Each outreach attempt and its outcome; scheduled further contacts,"Where the facility has staff for it, the team calls the patient after discharge and continues caring contacts; the walkthrough describes this as important but not built into the workflow, because the outreach is not funded","DC.2.4.3 Support for Standard Care Plans, Guidelines, Protocols; DC.1.6.2 Order Documents and Reports"
12.8-1D (proposed),EHR System,Monitor,Detect a missed first appointment after discharge and escalate,Follow-up appointment (12.8-1A); attendance status from the receiving provider; outreach outcomes (12.8-1C),Missed-appointment alert to the discharging team or a designated care coordinator; escalation task,When the receiving provider reports the patient missed the first appointment - or no attendance is reported - the EHR alerts the care team so that outreach happens,DC.1.3.1 Manage Alerts; IN.5.1 Support Decision Logic
